{"cameraMode":{"drawMode":0,"name":"Shaded","section":"Shading Mode"},"sceneLighting":true,"audioPlay":false,"sceneViewState":{"m_AlwaysRefresh":false,"showFog":true,"showSkybox":true,"showFlares":true,"showImageEffects":true,"showParticleSystems":true,"showVisualEffectGraphs":true,"m_FxEnabled":true},"in2DMode":false,"pivot":{"x":-0.9202985763549805,"y":6.691567420959473,"z":1.1845645904541016},"rotation":{"x":0.23399858176708222,"y":0.0801108181476593,"z":-0.019339803606271745,"w":0.9687801003456116},"size":8.170320510864258,"orthographic":false}